player_name,pitch_type,balls,xRV,xRV_100
"Abbott, Cory",FF,323,-5.1830197721246565,-1.6046500842491196
"Abreu, Albert",FF,34,-0.24236068606413902,-0.7128255472474677
"Abreu, Albert",SI,566,-8.598317073820853,-1.5191372921944972
"Abreu, Bryan",FF,499,-11.301346367563218,-2.2647988712551537
"Acevedo, Domingo",FF,70,0.00018616594802597225,0.0002659513543228175
"Acevedo, Domingo",SI,3,-0.027075659887492654,-0.9025219962497552
"Acton, Garrett",FF,85,-1.5282518983181566,-1.7979434097860667
"Adam, Jason",FF,303,-7.069582951344363,-2.333195693512991
"Adams, Austin",FF,37,-1.5263759854993781,-4.125340501349671
"Adcock, Ty",FF,91,-1.2024571008376777,-1.3213814294919535
"Adon, Joan",FF,365,-2.0871889763727722,-0.571832596266513
"Adon, Joan",SI,126,-1.18356847379636,-0.9393400585685397
"Alcala, Jorge",FF,70,-1.6252019274495542,-2.321717039213649
"Alcala, Jorge",SI,48,-1.0735911682719363,-2.2366482672332006
"Alcantara, Sandy",FF,579,-10.949788479798565,-1.8911551778581286
"Alcantara, Sandy",SI,789,-16.259129568843996,-2.0607261810955633
"Almonte, Yency",FC,6,-0.21708147653131743,-3.6180246088552903
"Almonte, Yency",FF,129,-1.0883716626109554,-0.8436989632643066
"Almonte, Yency",SI,211,-5.6443634346546805,-2.675053760499849
"Alzolay, Adbert",FC,95,-0.8136546300340444,-0.856478557930573
"Alzolay, Adbert",FF,200,-2.7072886051226406,-1.3536443025613203
"Alzolay, Adbert",SI,184,-3.232490575269703,-1.7567883561248383
"Anderson, Chase",FC,380,-5.600278387288837,-1.4737574703391676
"Anderson, Chase",FF,451,-4.437323939453345,-0.9838855741581696
"Anderson, Chase",SI,105,-0.5630740108188241,-0.5362609626845943
"Anderson, Grant",FF,104,-2.858223172521591,-2.7482915120399913
"Anderson, Grant",SI,166,-1.66732899692388,-1.0044150583878795
"Anderson, Nick",FF,264,0.6289923069035637,0.23825466170589535
"Anderson, Nick",SI,9,0.027211912230961015,0.3023545803440113
"Antone, Tejay",FF,18,-0.5462735383071005,-3.034852990595003
"Antone, Tejay",SI,17,-0.2015474009853903,-1.1855729469728842
"Armstrong, Shawn",FC,300,-6.443906131904987,-2.147968710634996
"Armstrong, Shawn",FF,166,-3.282037727590557,-1.9771311611991307
"Armstrong, Shawn",SI,272,-1.7332980783101168,-0.63724194055519
"Ashcraft, Graham",FC,1217,-13.563859587300486,-1.1145324229499167
"Ashcraft, Graham",SI,224,-3.202296569390706,-1.429596682763708
"Assad, Javier",FC,466,-7.19469285357726,-1.5439255050594978
"Assad, Javier",FF,328,-1.2307333749871698,-0.37522358993511273
"Assad, Javier",SI,526,-4.2438914260234215,-0.8068234650234641
"Avila, Pedro",FF,289,-3.6513752330166684,-1.2634516377220306
"Avila, Pedro",SI,188,-1.103475290731713,-0.5869549418785707
"Bachman, Sam",SI,121,-2.2667075555807683,-1.8733120294055936
"Baker, Bryan",FF,441,-4.79785530066695,-1.0879490477702836
"Balazovic, Jordan",FF,186,-1.5625516292829065,-0.8400815211198421
"Bard, Daniel",FF,128,-3.2515050067170863,-2.5402382864977238
"Bard, Daniel",SI,349,-4.542026488804677,-1.3014402546718271
"Barlow, Joe",FF,53,-0.4456879013571887,-0.8409205685984693
"Barlow, Scott",FF,254,-4.005837496195466,-1.5771013764549078
"Barlow, Scott",SI,97,-1.1708455443159704,-1.2070572621814128
"Barnes, Jacob",FC,98,-1.5952816504430491,-1.6278384188194381
"Barnes, Jacob",FF,102,-0.9376754968147725,-0.9192897027595809
"Barnes, Matt",FF,182,-2.9345776660203,-1.6124053110001648
"Barraclough, Kyle",FC,23,-0.46623158610849635,-2.027093852645636
"Barraclough, Kyle",FF,42,-0.6886078856678214,-1.6395425849233842
"Barraclough, Kyle",SI,35,-0.7466262569271027,-2.133217876934579
"Barria, Jaime",FF,409,-4.178247695922106,-1.0215764537706862
"Barria, Jaime",SI,63,-1.2369398161053657,-1.9633965335005805
"Bass, Anthony",FF,26,0.17169346740217878,0.66035949000838
"Bass, Anthony",SI,95,-0.2042815567906945,-0.21503321767441527
"Bassitt, Chris",FC,474,-7.318877481869199,-1.5440669792972994
"Bassitt, Chris",FF,292,-4.074973460822645,-1.3955388564461113
"Bassitt, Chris",SI,1234,6.2118398564599335,0.5033905880437548
"Battenfield, Peyton",FC,223,-4.720923321722642,-2.1170059738666556
"Battenfield, Peyton",FF,242,-1.1471743744178673,-0.4740389976933336
"Baumann, Mike",FF,550,-10.806620952178083,-1.9648401731232876
"Bautista, Félix",FF,695,-16.258027049073377,-2.339284467492572
"Bazardo, Eduard",FF,67,-0.6810959265962242,-1.0165610844719764
"Bazardo, Eduard",SI,58,-0.41208946365267035,-0.7104990752632246
"Beck, Tristan",FF,476,-6.503157524646166,-1.3662095640012955
"Bednar, David",FF,641,-17.46419220481902,-2.724522964870362
"Bellatti, Andrew",FF,215,-1.9687943205919114,-0.9157182886474007
"Bello, Brayan",FC,37,-0.45621236044441665,-1.2330063795795045
"Bello, Brayan",FF,540,-9.989390919051765,-1.8498872072318082
"Bello, Brayan",SI,937,-12.059918799985605,-1.2870777801478768
"Berroa, Prelander",FF,17,-0.06455203741565348,-0.37971786715090283
"Berríos, José",FF,598,-6.488995523613737,-1.0851163082966115
"Berríos, José",SI,925,-5.974914313064818,-0.6459366824934938
"Bibee, Tanner",FF,1092,-13.038973998822224,-1.1940452379873832
"Bickford, Phil",FF,872,-22.722656351153894,-2.605809214581869
"Bido, Osvaldo",FC,30,-0.7101026525287889,-2.36700884176263
"Bido, Osvaldo",FF,263,-3.42725792784646,-1.3031398965195664
"Bido, Osvaldo",SI,219,-3.8433654548548626,-1.7549613949108962
"Bieber, Shane",FC,523,-10.087679208804246,-1.9288105561767201
"Bieber, Shane",FF,687,3.3726325907127004,0.49092177448510926
"Bielak, Brandon",FF,421,-0.0487389799296854,-0.011576954852656864
"Bielak, Brandon",SI,300,-2.1485854941737603,-0.7161951647245868
"Bird, Jake",FC,198,-3.5477444109113874,-1.7917901065209028
"Bird, Jake",SI,807,-7.426805864035544,-0.9202981244158048
"Blackburn, Paul",FC,382,-9.674126979014073,-2.532493973563893
"Blackburn, Paul",FF,272,-3.1340979585274584,-1.152241896517448
"Blackburn, Paul",SI,452,-2.0161320108782963,-0.44604690506156996
"Blanco, Ronel",FF,363,-4.791111160736717,-1.3198653335362858
"Bolton, Cody",FF,248,-2.060128676063474,-0.8306970467997878
"Boushley, Caleb",FF,11,-0.35310420381943697,-3.2100382165403363
"Boushley, Caleb",SI,12,-0.15633845014348627,-1.3028204178623854
"Bowlan, Jonathan",FF,22,-0.14807359551154076,-0.6730617977797307
"Bowlan, Jonathan",SI,7,-0.26074921617247165,-3.724988802463881
"Bowman, Matt",FC,12,-0.38035363140255213,-3.169613595021268
"Bowman, Matt",SI,42,-0.5039623276576399,-1.1999103039467616
"Boxberger, Brad",FF,184,0.7691402712815443,0.4180110170008393
"Boyle, Joe",FC,1,0.015711787581443783,1.5711787581443784
"Boyle, Joe",FF,139,-2.9024247882655354,-2.0880753872413926
"Bracho, Silvino",FF,55,-0.7081195914443582,-1.2874901662624694
"Bradish, Kyle",FF,588,-10.425028283015545,-1.7729639937101267
"Bradish, Kyle",SI,543,-3.045418088239079,-0.5608504766554473
"Bradley, Archie",FF,67,0.1406163204452722,0.20987510514219732
"Bradley, Archie",SI,43,-1.1161015556501224,-2.5955850131398193
"Bradley, Taj",FC,442,-6.727080115302431,-1.5219638269915001
"Bradley, Taj",FF,819,-10.807598916186578,-1.3196091472755285
"Brash, Matt",FC,53,-2.0014745751114815,-3.7763671228518523
"Brash, Matt",FF,439,-10.074168116805277,-2.294799115445393
"Brash, Matt",SI,39,-1.4707550985254347,-3.771166919295986
"Brasier, Ryan",FC,122,-1.229336652680859,-1.007652994000704
"Brasier, Ryan",FF,327,-4.971481626257985,-1.5203307725559587
"Brasier, Ryan",SI,132,-3.158459540130198,-2.3927723788865136
"Brazoban, Huascar",FC,323,-6.04928406527778,-1.8728433638630897
"Brazoban, Huascar",FF,177,-1.0041068909874185,-0.5672920288064511
"Brazoban, Huascar",SI,216,-3.952364747880766,-1.8297984943892434
"Brebbia, John",FF,309,-6.086007002811133,-1.96958155430781
"Brewer, Colten",FC,52,0.04955454255067742,0.09529719721284119
"Brewer, Colten",SI,2,0.014830838594585664,0.7415419297292832
"Brieske, Beau",FF,248,-2.109619091903418,-0.850652859638475
"Brieske, Beau",SI,123,-2.2436981989085676,-1.824144877161437
"Brigham, Jeff",FC,125,-2.913782978564316,-2.3310263828514532
"Brigham, Jeff",FF,266,-5.900038220683112,-2.2180594814598167
"Bristo, Braden",FC,57,-0.5274752135577611,-0.925395111504844
"Bristo, Braden",SI,24,0.43071625340767206,1.7946510558653002
"Brito, Jhony",FF,246,-4.660382573193964,-1.8944644606479528
"Brito, Jhony",SI,463,-7.294739833226799,-1.575537760956112
"Brogdon, Connor",FC,132,-3.2968406508912493,-2.497606553705492
"Brogdon, Connor",FF,177,-2.615866681386053,-1.477890780444098
"Brown, Hunter",FF,1253,-10.116055408064344,-0.807346800324369
"Brown, Hunter",SI,5,-0.02558049376383422,-0.5116098752766844
"Bukauskas, J.B.",FF,2,-0.08254338476136325,-4.127169238068163
"Bukauskas, J.B.",SI,45,0.12015231635682287,0.2670051474596064
"Burdi, Nick",FF,41,-1.3152902223914862,-3.2080249326621613
"Burdi, Zack",FF,24,-0.2503209264542907,-1.0430038602262113
"Burnes, Corbin",FC,1694,-26.73725261071973,-1.5783502131475637
"Burnes, Corbin",SI,236,-5.220929384414203,-2.212258213734832
"Busenitz, Alan",FC,27,-0.028675897114723944,-0.10620702635082943
"Busenitz, Alan",FF,39,-0.07755409247074276,-0.19885664736087888
"Busenitz, Alan",SI,2,0.0961909234356135,4.809546171780675
"Bush, Matt",FF,101,-1.4021006207166238,-1.388218436353093
"Bush, Matt",SI,13,-0.018457601189613315,-0.1419815476124101
"Butto, José",FF,373,-6.626523458062671,-1.7765478439846303
"Butto, José",SI,41,-0.33875673897154623,-0.8262359487110884
"Cabrera, Edward",FF,498,-9.073980774583235,-1.8220844928881998
"Cabrera, Edward",SI,171,-5.117005516685964,-2.9924008869508563
"Caceres, Kelvin",SI,16,-0.36792229358367623,-2.2995143348979763
"Calvo, Blair",SI,5,-0.03233652086183428,-0.6467304172366856
"Campbell, Isaiah",FF,222,-3.6558449203135446,-1.6467769911322272
"Canning, Griffin",FF,728,-6.92351852694936,-0.9510327646908462
"Canning, Griffin",SI,10,-0.015831530193425702,-0.15831530193425702
"Cano, Yennier",FF,30,-0.7068271512199193,-2.356090504066398
"Cano, Yennier",SI,558,-9.009144781990248,-1.6145420756254925
"Carasiti, Matt",FC,28,-0.17069236402920798,-0.6096155858185999
"Carasiti, Matt",SI,266,-1.5701226389068208,-0.5902716687619627
"Carlton, Drew",FF,160,-0.9457895694747567,-0.5911184809217229
"Carlton, Drew",SI,72,-0.10432969739474357,-0.14490235749269942
"Carrasco, Carlos",FC,6,-0.10712040601149202,-1.7853401001915337
"Carrasco, Carlos",FF,506,-4.547793520322116,-0.8987734229885603
"Carrasco, Carlos",SI,164,-2.7529300534920997,-1.6786158862756706
"Castillo, Diego",FF,21,0.11720330313928427,0.558110967329925
"Castillo, Diego",SI,33,-0.04705512145915995,-0.14259127714896955
"Castillo, Luis",FF,1423,-27.40217593206338,-1.9256623985989725
"Castillo, Luis",SI,573,-5.953203805122594,-1.0389535436514126
"Castillo, Max",FF,145,-1.559955297506746,-1.075831239659825
"Castro, Miguel",SI,427,-8.068100555888751,-1.8894849077022837
"Cease, Dylan",FF,1396,-19.91481828858538,-1.426562914655113
"Cecconi, Slade",FF,245,-1.7512399821783413,-0.7147918294605474
"Cessa, Luis",FF,109,2.432668835700024,2.2318062712844258
"Cessa, Luis",SI,77,1.0582387346157804,1.374336018981533
"Chargois, JT",FF,55,-1.0521932144568302,-1.9130785717396912
"Chargois, JT",SI,354,-4.548584199716709,-1.2849107908804263
"Chavez, Jesse",FC,288,-3.6255011676272826,-1.2588545720928064
"Chavez, Jesse",SI,173,3.9097341047797354,2.2599619102773034
"Chirinos, Yonny",FF,24,-0.23855036942847074,-0.9939598726186282
"Chirinos, Yonny",SI,629,-6.826060660845675,-1.0852242704047177
"Cimber, Adam",FF,152,-3.5583836541138587,-2.3410418777064863
"Cimber, Adam",SI,110,-1.4795617732405661,-1.345056157491424
"Cisnero, José",FC,134,-3.310381042860494,-2.470433614074995
"Cisnero, José",FF,362,-2.2657848938473584,-0.6259074292396017
"Cisnero, José",SI,211,-3.3004685098499524,-1.5642030852369442
"Civale, Aaron",FC,747,-6.2350341366965845,-0.8346765912579096
"Civale, Aaron",FF,246,-1.7052450045386327,-0.6931890262352166
"Civale, Aaron",SI,373,3.5810405367558826,0.9600644870659203
"Clarke, Taylor",FF,309,-1.3998286599621172,-0.45301898380651046
"Clase, Emmanuel",FC,750,-18.226830790005113,-2.430244105334015
"Clase, Emmanuel",FF,5,-0.10726060983873903,-2.145212196774781
"Clevinger, Mike",FC,169,-4.455022812775371,-2.636108173239865
"Clevinger, Mike",FF,1000,-5.322466158938593,-0.5322466158938594
"Clevinger, Mike",SI,54,-1.442170051074773,-2.6706852797680978
"Cobb, Alex",FF,7,-0.14955370241329075,-2.136481463047011
"Cobb, Alex",SI,994,-10.743497777932301,-1.0808347865123038
"Cole, Gerrit",FC,225,-5.969335337981447,-2.6530379279917544
"Cole, Gerrit",FF,1739,-30.466249455417703,-1.751940739241961
"Coleman, Dylan",FC,102,-1.7937183127604774,-1.7585473654514485
"Coleman, Dylan",FF,140,-1.8013996122825602,-1.2867140087732574
"Colomé, Alex",FC,30,-0.2570577967736972,-0.8568593225789908
"Colomé, Alex",FF,30,-0.05758625688012688,-0.19195418960042293
"Contreras, Roansy",FF,459,-2.0644958965363998,-0.44978124107546835
"Coonrod, Sam",FC,43,0.08278578070513914,0.19252507140730032
"Coonrod, Sam",FF,26,-0.7457044015802443,-2.8680938522317088
"Coonrod, Sam",SI,38,-0.7028083361957221,-1.84949562156769
"Cordero, Jimmy",FF,3,-0.01899493647515774,-0.6331645491719247
"Cordero, Jimmy",SI,359,-9.097552356451393,-2.5341371466438423
"Cousins, Jake",FF,33,-1.1370368844132464,-3.445566316403777
"Cousins, Jake",SI,58,-1.8949586777381597,-3.2671701340313097
"Covey, Dylan",FC,191,-1.3934032636460223,-0.7295305045267132
"Covey, Dylan",SI,303,-4.424888286191819,-1.4603591703603362
"Crawford, Brandon",FF,4,-0.05059189021736383,-1.2647972554340958
"Crawford, Kutter",FC,595,-13.057060040020378,-2.1944638722723324
"Crawford, Kutter",FF,821,-8.269880997726414,-1.0072936659837288
"Crismatt, Nabil",FF,51,0.034836898736469474,0.0683076445813127
"Crismatt, Nabil",SI,16,-0.04908309198282654,-0.30676932489266584
"Criswell, Cooper",FC,139,-3.709541476019658,-2.6687348748342865
"Criswell, Cooper",SI,184,-0.2570442668717352,-0.13969797112594304
"Cronin, Declan",FF,6,0.013729613963700846,0.2288268993950141
"Cronin, Declan",SI,84,-1.9704111684625503,-2.345727581503036
"Crowe, Wil",FF,47,-1.83252310808936,-3.8989853363603406
"Cruz, Fernando",FC,267,-5.680346888183861,-2.12747074463815
"Cruz, Fernando",FF,394,-2.624194360038265,-0.6660391776746866
"Cruz, Fernando",SI,5,-0.05254426430240272,-1.0508852860480544
"Cruz, Steven",FC,18,0.015479294098308338,0.08599607832393522
"Cruz, Steven",FF,107,-1.6885138411835547,-1.5780503188631352
"Cruz, Steven",SI,53,-2.051507328793732,-3.870768544893834
"Cuas, Jose",FF,230,-8.252556338389077,-3.588067973212642
"Cuas, Jose",SI,578,-7.875131247749142,-1.3624794546278793
"Cueto, Johnny",FC,24,-0.10769486707299945,-0.4487286128041644
"Cueto, Johnny",FF,296,-4.109994901424832,-1.3885117910219027
"Cueto, Johnny",SI,169,-2.957149545038864,-1.7497926302005113
"Curry, Xzavion",FF,709,0.6658592532061978,0.09391526843528883
"Curtiss, John",FF,168,-0.5670843088935127,-0.33755018386518615
"Cyr, Tyler",FC,1,-0.0812398775238078,-8.123987752380781
"Cyr, Tyler",FF,17,-0.3716576271565631,-2.186221336215077
"Daniel, Davis",FF,115,-0.8655682775346561,-0.7526680674214401
"Danner, Hagen",FF,4,-0.11523387343548239,-2.8808468358870596
"Darvish, Yu",FC,202,-3.267448779912852,-1.6175489009469564
"Darvish, Yu",FF,369,-6.981577820899058,-1.892026509728742
"Darvish, Yu",SI,413,-2.987650893873986,-0.723402153480384
"Davies, Zach",FC,168,-4.452289200909435,-2.6501721433984735
"Davies, Zach",FF,337,-1.7928936593712304,-0.5320159226620861
"Davies, Zach",SI,487,-0.9816142927307777,-0.20156350980098106
"Davis, Noah",FC,102,-2.271604679437455,-2.2270634112131913
"Davis, Noah",FF,10,-0.09208951007947326,-0.9208951007947326
"Davis, Noah",SI,303,-0.5695021426912861,-0.18795450253837825
"De Jong, Chase",FF,83,-1.2296153049342333,-1.4814642228123294
"De León, José",FC,29,-0.5530328896038235,-1.9070099641511153
"De León, José",FF,148,-2.503502128694509,-1.6915554923611547
"De Los Santos, Enyel",FF,634,-1.200856451067328,-0.18940953486866374
"De Los Santos, Yerry",SI,244,-2.3773906741878945,-0.9743404402409405
"DeSclafani, Anthony",FF,193,-5.409396659289068,-2.8027961965228334
"DeSclafani, Anthony",SI,430,-3.4270460973419246,-0.796987464498122
"Devenski, Chris",FF,198,-1.3247292951414285,-0.6690551995663779
"Domínguez, Seranthony",FF,335,-7.519149300953257,-2.244522179389032
"Domínguez, Seranthony",SI,251,-6.331859940099591,-2.5226533625894785
"Doval, Camilo",FC,384,-9.580404755559478,-2.4948970717602807
"Doval, Camilo",SI,339,-7.165105914346011,-2.1136005647038383
"Doyle, Tommy",FC,168,-0.6202336253577376,-0.36918668176055813
"Doyle, Tommy",FF,142,-1.0906824130746826,-0.7680862063906215
"Doyle, Tommy",SI,11,-0.1522262902675662,-1.3838753660687837
"Duarte, Daniel",FC,112,-1.8219099803255345,-1.6267053395763702
"Duarte, Daniel",FF,154,-0.6520012004505842,-0.4233774028899897
"Duarte, Daniel",SI,161,-0.11139010134823615,-0.06918639835294171
"Dubin, Shawn",FC,25,-0.9169524091675878,-3.667809636670351
"Dubin, Shawn",FF,76,-0.9167230294354259,-1.206214512415034
"Duffey, Tyler",FF,12,-0.3409528733924031,-2.841273944936692
"Duffey, Tyler",SI,4,-0.1391088226661086,-3.477720566652715
"Dunning, Dane",FC,531,-10.90900375837045,-2.0544263198437758
"Dunning, Dane",FF,87,-1.400582000084687,-1.6098643679134335
"Dunning, Dane",SI,892,0.40660231604575026,0.04558321928764016
"Duran, Jhoan",FF,457,-11.03556884821388,-2.414785305954897
"Díaz, Alexis",FF,564,-17.76356416173177,-3.149568113782229
"Díaz, Miguel",FF,44,-0.2369574996113777,-0.5385397718440402
"Díaz, Miguel",SI,56,-0.6121916225738823,-1.0931993260247899
"Eaton, Nate",FF,9,0.1284048256661743,1.4267202851797147
"Eaton, Nate",SI,5,-0.13773984847664833,-2.7547969695329666
"Edwards Jr., Carl",FF,355,-8.901250557837868,-2.5073945233346104
"Edwards Jr., Carl",SI,4,0.0913900301590562,2.2847507539764047
"Eflin, Zach",FC,662,-7.521417256613186,-1.1361657487331098
"Eflin, Zach",FF,159,-2.579764697698061,-1.6224935205648183
"Eflin, Zach",SI,822,-13.669039327740718,-1.6629001615256347
"Elder, Bryce",FF,377,-0.7962339508945121,-0.21120263949456552
"Elder, Bryce",SI,1075,-13.46452024425198,-1.2525135110932075
"Englert, Mason",FF,290,-1.1939753932569173,-0.41171565284721284
"Eovaldi, Nathan",FC,383,-6.565738500815793,-1.7142920367665255
"Eovaldi, Nathan",FF,830,-9.678085531007998,-1.166034401326265
"Erceg, Lucas",FC,39,-2.1741735807461873,-5.574804053195352
"Erceg, Lucas",FF,288,-4.5252489502076525,-1.5712669965998793
"Erceg, Lucas",SI,330,-10.758042720049021,-3.2600129454694002
"Espada, Jose",FF,12,-0.08591620154082774,-0.7159683461735645
"Espino, Paolo",FF,36,0.17715810371525587,0.4921058436534885
"Estes, Joey",FC,14,-0.3017305154047906,-2.1552179671770757
"Estes, Joey",FF,77,-0.5458675034197047,-0.7089188356100061
"Estrada, Jeremiah",FF,199,-3.8003070399782155,-1.9097020301398067
"Estévez, Carlos",FF,753,-12.535588682389678,-1.6647528130663583
"Faedo, Alex",FF,502,-0.41840995607264736,-0.0833485968272206
"Fairbanks, Pete",FF,354,-7.510029059982393,-2.1214771355882465
"Familia, Jeurys",FF,62,-0.5031830988267436,-0.8115856432689413
"Familia, Jeurys",SI,85,-1.4731800549793987,-1.7331530058581162
"Faria, Jake",FF,49,-0.9395962328191846,-1.91754333228405
"Farmer, Buck",FF,526,-5.137103604860696,-0.9766356663233262
"Faucher, Calvin",FC,158,-0.8669382146972071,-0.5486950725931691
"Faucher, Calvin",SI,148,-1.6352830519628068,-1.1049209810559506
"Felipe, Angel",FF,73,-0.8504718934588134,-1.1650299910394704
"Felipe, Angel",SI,81,-1.423963759741094,-1.7579799502976468
"Feltner, Ryan",FF,215,-3.2706631708429192,-1.5212386841129857
"Feltner, Ryan",SI,134,-1.466492337359488,-1.094397266686185
"Festa, Matt",FC,14,-0.24355358055755494,-1.739668432553964
"Festa, Matt",FF,98,-2.5129047997294225,-2.564188571152472
"Finnegan, Kyle",FF,773,-7.860800485302787,-1.0169211494570227
"Flaherty, Jack",FC,238,-6.419550300440238,-2.697290042201781
"Flaherty, Jack",FF,1076,-12.523442917464195,-1.1638887469762262
"Flaherty, Jack",SI,52,-1.8379729893792593,-3.5345634411139604
"Flexen, Chris",FC,512,-8.521747931667859,-1.6644038929038787
"Flexen, Chris",FF,703,-1.2586222132401539,-0.17903587670556956
"Flexen, Chris",SI,30,0.26908114190393245,0.8969371396797748
"Floro, Dylan",FF,328,-5.455841667792946,-1.6633663621319958
"Floro, Dylan",SI,305,-3.875370753671415,-1.2706133618594804
"Foley, Jason",SI,724,-14.860093228071776,-2.0524990646507977
"France, J.P.",FC,411,-6.826286692127241,-1.660897005383757
"France, J.P.",FF,935,-8.045864315353613,-0.8605202476314026
"Francis, Bowden",FF,278,-3.0093060138220897,-1.0824841776338452
"Frías, Luis",FC,256,-4.52324667315736,-1.766893231702094
"Frías, Luis",FF,205,-0.9065905355435795,-0.4422392856310144
"Fujinami, Shintaro",FC,213,-5.433030611999104,-2.550718597182678
"Fujinami, Shintaro",FF,793,-13.529250350245439,-1.706084533448353
"Fulmer, Carson",FF,2,0.010977407041192056,0.5488703520596028
"Fulmer, Carson",SI,55,0.5653657242604124,1.0279376804734772
"Fulmer, Michael",FC,209,-3.8147223719387053,-1.825226015281677
"Fulmer, Michael",FF,268,-6.188310917133337,-2.3090712377363194
"Fulmer, Michael",SI,105,-1.276918986288458,-1.2161133202747219
"Gaddis, Hunter",FC,25,-0.07570253698080777,-0.3028101479232311
"Gaddis, Hunter",FF,273,-1.4997342122724278,-0.5493531913085815
"Gallegos, Giovanny",FF,443,-3.6474127014189954,-0.8233437249252811
"Gallen, Zac",FC,332,-8.706438653407023,-2.6224212811466936
"Gallen, Zac",FF,1589,-18.568793954297853,-1.168583634631709
"Gallen, Zac",SI,12,0.10762659476399422,0.8968882896999518
"Garcia, Luis",FC,200,-6.811006915437132,-3.405503457718566
"Garcia, Luis",FF,144,1.517666710487567,1.053935215616366
"Garcia, Rico",FF,148,-0.47276931172013276,-0.31943872413522484
"García, Deivi",FC,17,-0.30153012689836317,-1.773706628813901
"García, Deivi",FF,162,-2.923666016670316,-1.8047321090557507
"García, Luis",FF,137,-1.9731939675669183,-1.4402875675670939
"García, Luis",SI,441,-7.522170387304973,-1.705707570817454
"García, Yimi",FF,366,-7.327921732994541,-2.002164407922006
"García, Yimi",SI,172,-3.5272450355696954,-2.050723857889358
"Garrett, Reed",FF,111,-2.50954060599613,-2.2608473927893065
"Garrett, Reed",SI,47,-1.822527773626102,-3.877718667289579
"Garza, Justin",FC,70,-1.2358827414834872,-1.7655467735478387
"Garza, Justin",FF,16,-0.37101901538483795,-2.318868846155237
"Garza, Justin",SI,161,-0.6883274259899741,-0.427532562726692
"Gausman, Kevin",FF,1560,-0.6537190451179676,-0.04190506699474151
"Germán, Domingo",FF,458,-2.400119714578497,-0.5240436058031652
"Germán, Domingo",SI,174,-2.165174194060574,-1.244352985092284
"Gibaut, Ian",FC,327,-5.389415425228315,-1.6481392737701273
"Gibaut, Ian",FF,533,-6.806600231550633,-1.2770356907224452
"Gibson, Kyle",FC,496,-8.340652490756435,-1.6815831634589586
"Gibson, Kyle",FF,406,-4.15737610451033,-1.0239842621946627
"Gibson, Kyle",SI,794,-10.263704144038467,-1.292657952649681
"Gilbert, Logan",FF,1221,-12.700470430384899,-1.0401695684180916
"Gilbert, Logan",SI,8,-0.14226870201081038,-1.7783587751351297
"Gillaspie, Logan",FF,84,0.6659060765113449,0.7927453291801725
"Ginkel, Kevin",FF,499,-7.699539424389303,-1.542993872623107
"Ginkel, Kevin",SI,102,-2.652885815134784,-2.6008684462105727
"Giolito, Lucas",FF,1337,-12.424739190636783,-0.9292998646699164
"Gipson-Long, Sawyer",FC,4,-0.10591805986762046,-2.6479514966905113
"Gipson-Long, Sawyer",FF,80,-0.7274096246327738,-0.9092620307909673
"Gipson-Long, Sawyer",SI,62,-1.352046972597018,-2.180720923543577
"Givens, Mychal",FF,46,-0.9956643503212044,-2.1644877180895747
"Givens, Mychal",SI,8,-0.06918490921268239,-0.8648113651585299
"Glasnow, Tyler",FF,811,-10.687672315166454,-1.317838756494014
"Gonsolin, Tony",FF,657,1.2024247444821816,0.18301746491357407
"González, Chi Chi",FF,28,0.10194688831921671,0.36409602971148824
"González, Chi Chi",SI,10,0.07276947750858963,0.7276947750858962
"Gott, Trevor",FC,379,-6.64795676203252,-1.7540783013278418
"Gott, Trevor",FF,214,-4.131633092683787,-1.930669669478405
"Gott, Trevor",SI,271,0.2910317427097357,0.10739178697776225
"Graterol, Brusdar",FC,200,-3.0406050788726655,-1.5203025394363328
"Graterol, Brusdar",FF,95,-1.7470473525151609,-1.8389972131738537
"Graterol, Brusdar",SI,403,-7.0139960106667125,-1.740445660215065
"Graveman, Kendall",FF,251,-7.169522487211064,-2.8563834610402647
"Graveman, Kendall",SI,438,-8.41515082059013,-1.921267310637016
"Gray, Jon",FF,1013,-8.279218732078846,-0.8172970120512187
"Gray, Josiah",FC,484,-4.283658470901288,-0.8850534030787786
"Gray, Josiah",FF,478,-3.3691977917768874,-0.7048530945139931
"Gray, Josiah",SI,483,0.09294426532704415,0.019243119115330054
"Gray, Sonny",FC,366,-9.0021972841778,-2.4596167443108743
"Gray, Sonny",FF,750,-6.182460952448885,-0.8243281269931846
"Gray, Sonny",SI,442,2.5491890131141064,0.5767395957271734
"Green, Chad",FF,110,-1.8553029735587536,-1.686639066871594
"Greene, Hunter",FF,1135,-25.608064461856404,-2.2562171332032075
"Greene, Shane",FC,15,-0.13974834875836967,-0.9316556583891311
"Greene, Shane",FF,9,0.03957366307470947,0.43970736749677186
"Greene, Shane",SI,3,0.012050261917337782,0.4016753972445927
"Greinke, Zack",FC,155,-2.6942852417999643,-1.7382485430967511
"Greinke, Zack",FF,581,5.05393722753264,0.8698687138610396
"Greinke, Zack",SI,348,1.2564327441707257,0.3610438920030821
"Grove, Michael",FC,92,-1.5384832558939348,-1.672264408580364
"Grove, Michael",FF,423,-0.7795572268608489,-0.18429248861958605
"Guerra, Javy",FF,127,-2.050436192634422,-1.6145166871137182
"Guerra, Javy",SI,120,-2.135274307630961,-1.7793952563591342
"Gómez, Yoendrys",FC,3,-0.05073432696461677,-1.6911442321538923
"Gómez, Yoendrys",FF,15,-0.24773673403300345,-1.6515782268866894
"Hamilton, Ian",FF,219,-4.244428076031664,-1.9380950118866045
"Hamilton, Ian",SI,229,-5.764346308807354,-2.517181794239019
"Hancock, Emerson",FF,90,-0.5422001276643945,-0.6024445862937717
"Hancock, Emerson",SI,27,-0.3591612241659313,-1.330226756170116
"Hanifee, Brenan",FC,7,-0.0005957695156335648,-0.008510993080479498
"Hanifee, Brenan",SI,48,-0.46613896182514725,-0.9711228371357233
"Harris, Hobie",FC,54,-0.9061304590711872,-1.6780193686503466
"Harris, Hobie",FF,121,-1.2267302130246533,-1.013826622334424
"Hartlieb, Geoff",FF,25,-0.8027039156532245,-3.210815662612898
"Hartlieb, Geoff",SI,24,-0.4566176587788155,-1.9025735782450646
"Hartwig, Grant",FC,102,-0.6340774773724376,-0.6216445856592525
"Hartwig, Grant",FF,10,-0.017394059110432847,-0.17394059110432847
"Hartwig, Grant",SI,299,-4.685945110570686,-1.5672057225988918
"Harvey, Hunter",FF,578,-10.573855869401816,-1.8293868286162311
"Hatch, Thomas",FC,165,-4.509586018107232,-2.733082435216504
"Hatch, Thomas",FF,63,-0.7817913208376616,-1.2409386045042248
"Hatch, Thomas",SI,114,-1.2018707302560396,-1.0542725704000349
"Heasley, Jonathan",FF,99,-1.0312165173858403,-1.0416328458442832
"Heller, Ben",FC,88,-1.4266954319029335,-1.6212448089806062
"Heller, Ben",FF,1,-0.02353286225795746,-2.353286225795746
"Heller, Ben",SI,137,-1.3552705059349537,-0.9892485444780684
"Helsley, Ryan",FF,339,-7.165659049895615,-2.11376373153263
"Hembree, Heath",FF,5,-0.13856423667445777,-2.7712847334891557
"Hendricks, Kyle",FF,428,0.9048948663920168,0.21142403420374223
"Hendricks, Kyle",SI,739,0.9269477861911066,0.1254327180231538
"Hendriks, Liam",FF,51,-0.9048106451187282,-1.7741385198406434
"Herget, Jimmy",FF,28,-0.5291887661170214,-1.8899598789893621
"Herget, Jimmy",SI,98,0.08687984135448937,0.08865289934131569
"Herget, Kevin",FC,48,-1.560398035687767,-3.250829241016181
"Herget, Kevin",FF,185,0.8660900752017858,0.4681567974063707
"Hernandez, Nick",FF,17,-0.1901085916720331,-1.1182858333649004
"Hernández, Carlos",FF,692,-11.928718585871781,-1.7238032638543037
"Hernández, Carlos",SI,8,-0.35245483369641006,-4.405685421205126
"Hernández, Daysbel",FF,40,-0.38875701024681325,-0.9718925256170332
"Hernández, Jonathan",SI,256,-4.3919174300459005,-1.71559274611168
"Hicks, Jordan",FF,119,-2.9673259525175206,-2.4935512206029586
"Hicks, Jordan",SI,715,-19.86994244835791,-2.7790129298402673
"Hill, Garrett",FF,98,-1.9070133466846628,-1.9459319864129212
"Hill, Garrett",SI,72,-0.8924620263115861,-1.239530592099425
"Hjelle, Sean",SI,273,-1.6115730610435826,-0.5903198025800669
"Hoeing, Bryan",FF,111,-1.536189156512171,-1.38395419505601
"Hoeing, Bryan",SI,579,-12.276833220852536,-2.1203511607690047
"Hoffman, Jeff",FF,298,-5.947436304673575,-1.9957839948569045
"Holderman, Colin",FC,185,-4.364683824828424,-2.35928855396131
"Holderman, Colin",SI,466,-9.669253027930338,-2.0749470017017893
"Hollowell, Gavin",FC,17,-0.4042385738443583,-2.3778739637903428
"Hollowell, Gavin",FF,209,-4.531895447933348,-2.168371027719305
"Hollowell, Gavin",SI,182,-3.441466083608265,-1.8909154305539915
"Holmes, Clay",FF,3,0.0789719219122082,2.6323973970736065
"Holmes, Clay",SI,704,-15.594391845647479,-2.215112478074926
"Honeywell, Brent",FF,444,-6.364564259244982,-1.4334604187488698
"Honeywell, Brent",SI,3,-0.03359923289343715,-1.1199744297812384
"Houck, Tanner",FC,185,-2.684234519836865,-1.4509375782901974
"Houck, Tanner",FF,171,-2.6436695595051627,-1.5460055903538965
"Houck, Tanner",SI,511,-8.086975103501812,-1.5825782981412548
"Houser, Adrian",FF,441,-6.305666017946973,-1.429856239897273
"Houser, Adrian",SI,876,-9.953697520945584,-1.1362668402905918
"Howard, Spencer",FF,31,-0.6726026476789265,-2.1696859602546015
"Hudson, Dakota",FF,286,-0.7336538187643802,-0.2565223142532798
"Hudson, Dakota",SI,501,-2.2671655120496776,-0.4525280463173009
"Hudson, Daniel",FF,29,-0.2973493564832955,-1.0253426085630881
"Hudson, Daniel",SI,2,-0.004912015551328641,-0.24560077756643206
"Hunter, Tommy",FC,111,-2.3162833802334277,-2.086741783994079
"Hunter, Tommy",FF,29,-0.7797741179694421,-2.6888762688601453
"Hunter, Tommy",SI,144,0.4645585180066527,0.3226100819490644
"Hurt, Kyle",FF,12,0.1406638616643846,1.172198847203205
"Iglesias, Raisel",FF,276,-1.73479715337567,-0.6285496932520543
"Iglesias, Raisel",SI,153,-2.62440422227215,-1.7152968773020592
"Irvin, Jake",FF,765,-11.200241352382374,-1.4640838369127287
"Irvin, Jake",SI,621,-8.008538279969288,-1.2896196908163107
"Jackson, Andre",FF,446,-4.634286283996421,-1.039077642151664
"Jackson, Jay",FF,165,-2.4031262226149437,-1.4564401349181477
"Jackson, Jay",SI,12,-0.13413241574317214,-1.1177701311931012
"Jackson, Luke",FF,144,-2.920876733076246,-2.0283866201918377
"Jackson, Zach",FF,218,-2.408746285300699,-1.1049294886700454
"Jacob, Alek",FF,9,-0.24893055571317674,-2.7658950634797415
"Jacob, Alek",SI,13,0.120810162114352,0.9293089393411692
"Jameson, Drey",FF,183,-3.1220822867762297,-1.7060558944132402
"Jameson, Drey",SI,201,-3.1627083701598457,-1.5734867513233064
"Jansen, Kenley",FC,564,-8.478652137194311,-1.503307116523814
"Jansen, Kenley",SI,67,-1.3452123835003933,-2.007779676866259
"Jarvis, Bryce",FF,194,0.21757256833965977,0.11215080842250502
"Javier, Cristian",FF,1678,-27.468235336873306,-1.6369627733535939
"Jax, Griffin",FC,30,-0.7875393636214867,-2.625131212071622
"Jax, Griffin",FF,232,-1.0267529110956004,-0.44256590995500017
"Jax, Griffin",SI,139,-2.096209996233927,-1.5080647454920337
"Jiménez, Dany",FF,151,-1.2684071617743,-0.8400047428968874
"Jiménez, Joe",FF,582,-8.242884356314502,-1.416303154005928
"Johnson, Pierce",FF,382,-9.54095753531945,-2.4976328626490707
"Joyce, Ben",FF,161,-4.835832814133481,-3.003622865921417
"Junis, Jakob",FF,15,-0.34109644966498015,-2.2739763310998677
"Junis, Jakob",SI,368,-2.6412821278620044,-0.7177397086581534
"Junk, Janson",FF,55,-0.6448878146793693,-1.1725232994170351
"Junk, Janson",SI,6,0.018365091037005184,0.30608485061675306
"Kahnle, Tommy",FF,114,-1.6776232066781027,-1.471599304103599
"Kahnle, Tommy",SI,36,-0.618791134840995,-1.7188642634472082
"Kaprielian, James",FF,451,-5.018606757557392,-1.1127731169750315
"Kaprielian, James",SI,150,-0.9273309863936156,-0.6182206575957437
"Karcher, Ricky",FF,9,-0.498109858585801,-5.534553984286678
"Karinchak, James",FF,410,-8.068124847708082,-1.9678353287092885
"Kauffmann, Karl",FC,64,-1.4466397823877633,-2.2603746599808803
"Kauffmann, Karl",FF,102,-1.469000554199121,-1.440196621763844
"Kauffmann, Karl",SI,201,-3.263309968675999,-1.6235372978487557
"Keller, Brad",FF,271,-4.235376576778324,-1.562869585527057
"Keller, Brad",SI,91,-1.3870693680468045,-1.5242520527986863
"Keller, Mitch",FC,749,-17.07246029231868,-2.279367195236139
"Keller, Mitch",FF,814,-9.208661056299414,-1.131285142051525
"Keller, Mitch",SI,708,-3.7524116194795587,-0.5300016411694292
"Kelley, Trevor",SI,141,-2.2492680408382086,-1.595225560878162
"Kelly, Joe",FF,113,-1.1835981294263154,-1.0474319729436419
"Kelly, Joe",SI,217,-4.714712340966333,-2.1726784981411673
"Kelly, Kevin",FC,108,-3.1602604025359264,-2.9261670393851174
"Kelly, Kevin",FF,12,-0.5828677725403336,-4.857231437836114
"Kelly, Kevin",SI,498,-7.114795306473691,-1.4286737563200183
"Kelly, Merrill",FC,500,-5.868606683907402,-1.1737213367814803
"Kelly, Merrill",FF,842,-2.2630167791426405,-0.2687668383779858
"Kelly, Merrill",SI,339,-4.270348445856123,-1.2596898070372045
"Kelly, Michael",FF,66,-0.7601256720593199,-1.1517055637262423
"Kelly, Michael",SI,16,-0.37496260601915415,-2.3435162876197135
"Kelly, Zack",FF,83,-1.0150384188789874,-1.2229378540710691
"Kennedy, Brett",FF,160,-0.20218452014699564,-0.1263653250918723
"Kennedy, Brett",SI,46,-0.7094571889275684,-1.5422982367990619
"Kennedy, Ian",FC,14,-0.2930696578528732,-2.0933546989490943
"Kennedy, Ian",FF,191,-1.387560822976008,-0.7264716350659727
"Kerkering, Orion",SI,9,-0.09481885083019732,-1.0535427870021925
"Kilian, Caleb",FC,24,-0.20099117903299632,-0.837463245970818
"Kilian, Caleb",FF,46,-0.7859147156204213,-1.708510251348742
"Kilian, Caleb",SI,27,-0.17878486511185765,-0.6621661670809543
"Kimbrel, Craig",FF,754,-17.057749971991047,-2.2623010572932425
"King, Michael",FF,381,-6.2336863216022955,-1.6361381421528336
"King, Michael",SI,563,-6.384304990793031,-1.133979572076915
"Kinley, Tyler",FF,101,-0.5570091763059375,-0.5514942339662747
"Kinley, Tyler",SI,12,-0.13733616939452475,-1.1444680782877061
"Kirby, George",FF,1112,-14.73935908816997,-1.3254819323893858
"Kirby, George",SI,611,-8.376039812533184,-1.3708739464047766
"Kittredge, Andrew",FF,25,-0.5906181020081043,-2.362472408032417
"Kittredge, Andrew",SI,90,-2.089087886581756,-2.321208762868618
"Kluber, Corey",FC,270,-6.219069667910872,-2.303359136263286
"Kluber, Corey",FF,23,-0.7223476162729785,-3.140641809882515
"Kluber, Corey",SI,260,0.21744107317046818,0.08363118198864161
"Knehr, Reiss",FC,31,-0.6148534937769174,-1.9833983670223145
"Knehr, Reiss",FF,34,-0.030666366905719,-0.09019519678152647
"Knehr, Reiss",SI,13,0.13170639398917555,1.0131261076090428
"Koch, Matt",FC,276,-6.28192301244562,-2.276059062480297
"Koch, Matt",FF,257,-1.6957716121490578,-0.6598333121202559
"Kopech, Michael",FF,1492,-39.41933328927349,-2.642046467109483
"Kowar, Jackson",FF,217,-2.581986960920505,-1.1898557423596798
"Krehbiel, Joey",FC,27,-0.7741215320811098,-2.867116785485592
"Krehbiel, Joey",FF,40,-0.00025836875382805394,-0.0006459218845701348
"Krehbiel, Joey",SI,1,-0.04229044125974178,-4.229044125974178
"Kremer, Dean",FC,698,-15.886112504209647,-2.275947350173302
"Kremer, Dean",FF,1084,-13.49916181504377,-1.245310130539093
"Kremer, Dean",SI,426,-0.319697105924654,-0.07504626899639766
"Kriske, Brooks",FF,27,-0.03636703138349112,-0.1346927088277449
"Kuhl, Chad",FF,58,-0.5955983198043889,-1.0268936548351533
"Kuhl, Chad",SI,270,-3.5644058046668823,-1.3201502980247712
"Kuhnel, Joel",FF,77,-0.4091970948856324,-0.5314247985527693
"Kuhnel, Joel",SI,43,-1.2979754622690378,-3.0185475866721814
"Lambert, Jimmy",FF,295,0.5969893918065358,0.20236928535814772
"Lambert, Peter",FF,646,-5.8339848941180845,-0.9030936368603846
"Lamet, Dinelson",FF,145,-1.8029768415895058,-1.2434323045444866
"Lamet, Dinelson",SI,165,-0.08187273435075598,-0.04961983900045817
"Lange, Alex",FF,59,-0.12806791986878963,-0.21706427096405023
"Lange, Alex",SI,300,-8.091389447618644,-2.6971298158728816
"Law, Derek",FC,348,-4.874803480525027,-1.400805597852019
"Law, Derek",FF,180,-2.9592598056555177,-1.6440332253641765
"Law, Derek",SI,114,-2.262609764943471,-1.98474540784515
"Lawrence, Casey",FC,2,-0.007218060159683227,-0.36090300798416136
"Lawrence, Casey",FF,69,-0.6880099468637257,-0.9971158650198924
"Lawrence, Casey",SI,151,0.49236157665476205,0.32606726930778945
"Lawrence, Justin",SI,598,-7.169118632107231,-1.198849269583149
"Leahy, Kyle",FF,28,-0.572787733140774,-2.0456704755027646
"Leclerc, José",FC,157,-2.683987967386657,-1.709546476042457
"Leclerc, José",FF,335,-6.795621014048624,-2.0285435862831713
"Leclerc, José",SI,43,-0.43130324453258645,-1.0030308012385731
"Legumina, Casey",FF,148,-3.481257828477677,-2.35220123545789
"Leiter Jr., Mark",FC,212,-2.5334067349547533,-1.1950031768654497
"Leiter Jr., Mark",FF,85,-0.7242367307661101,-0.8520432126660119
"Leiter Jr., Mark",SI,298,-1.7578956116612066,-0.5898978562621499
"Leone, Dominic",FC,276,-6.925153915245072,-2.5091137374076347
"Leone, Dominic",FF,333,-5.388961291264271,-1.6183066940733544
"Leone, Dominic",SI,9,-0.39934656904675064,-4.437184100519452
"Lindgren, Jeff",SI,56,-0.20736620364896952,-0.3702967922303027
"Littell, Zack",FF,417,-2.884026139338687,-0.691612983054841
"Littell, Zack",SI,129,-1.762457814031653,-1.3662463674663976
"Lively, Ben",FC,68,-1.515727236272022,-2.229010641576503
"Lively, Ben",FF,444,-5.9300516012548465,-1.3355972074898301
"Lively, Ben",SI,303,0.2284735772151501,0.07540382086308584
"Llovera, Mauricio",FC,18,-0.8302546764960065,-4.612525980533369
"Llovera, Mauricio",SI,390,-0.09707206986711793,-0.024890274324902033
"Lorenzen, Michael",FC,22,-0.015705800657346794,-0.07139000298793997
"Lorenzen, Michael",FF,822,-6.553105637816386,-0.7972147977878815
"Lorenzen, Michael",SI,282,-0.5988645246943516,-0.2123633066292027
"Loáisiga, Jonathan",FF,14,-0.6133516874752939,-4.381083481966384
"Loáisiga, Jonathan",SI,165,-5.258854205013997,-3.18718436667515
"Lugo, Seth",FF,755,-1.1279647176956753,-0.1493993003570431
"Lugo, Seth",SI,474,1.527330928923539,0.32222171496277197
"Lyles, Jordan",FC,215,-3.3310418377928896,-1.5493217850199488
"Lyles, Jordan",FF,859,0.9605076119346085,0.1118169513311535
"Lyles, Jordan",SI,370,-2.8703118317633862,-0.775759954530645
"Lynn, Lance",FC,727,-15.067991910862533,-2.0726261225395506
"Lynn, Lance",FF,1362,-20.46296195581965,-1.5024201142305178
"Lynn, Lance",SI,401,-6.321504973367764,-1.5764351554533078
"López, Jorge",FF,158,-2.8794981917798053,-1.8224672099872186
"López, Jorge",SI,327,-7.059629922292008,-2.158908233116822
"López, Pablo",FF,1043,-12.492171253321505,-1.19771536465211
"López, Pablo",SI,320,-6.588215515822358,-2.058817348694487
"López, Reynaldo",FF,774,-13.712723962139268,-1.771669762550293
"Machado, Andrés",FF,228,-5.483301245245011,-2.4049566865109697
"Machado, Andrés",SI,231,-5.157296967525407,-2.2325960898378385
"Maeda, Kenta",FF,466,-0.7627998126395044,-0.16369094691834857
"Maeda, Kenta",SI,109,0.7056124363267795,0.6473508590153941
"Mahle, Tyler",FC,9,-0.05933323782980441,-0.6592581981089379
"Mahle, Tyler",FF,218,-4.12151328164637,-1.8906024227735645
"Manning, Matt",FF,559,-1.3033777510745097,-0.2331623883854221
"Manoah, Alek",FF,490,-7.744277280550659,-1.5804647511327874
"Manoah, Alek",SI,476,-2.917073017794266,-0.6128304659231651
"Marinaccio, Ron",FF,461,-8.807248906889114,-1.9104661403230185
"Mariot, Michael",FF,12,-0.0510234411522746,-0.42519534293562167
"Mariot, Michael",SI,8,-0.13503378467168659,-1.6879223083960824
"Marsh, Alec",FF,500,-7.54944462498225,-1.50988892499645
"Marsh, Alec",SI,95,-0.8890693834424018,-0.9358625088867388
"Marte, José",FC,36,-0.4138179920373485,-1.149494422325968
"Marte, José",FF,53,-0.6223769887182861,-1.1742962051288417
"Marte, José",SI,43,-1.2649247765040723,-2.941685526753657
"Marte, Yunior",FF,45,-0.23383721327222878,-0.519638251716064
"Marte, Yunior",SI,345,-9.783437641138304,-2.8357790264169
"Martin, Chris",FC,249,-2.944667888677679,-1.1825975456536864
"Martin, Chris",FF,249,-0.691111074086651,-0.27755464822757064
"Martin, Chris",SI,108,-2.9681367597062143,-2.748274777505754
"Martinez, Justin",FF,142,-2.9079437140741384,-2.047847685967703
"Martinez, Justin",SI,1,-0.06144396513104439,-6.1443965131044385
"Martinez, Nick",FC,280,-1.1239018667333904,-0.40139352383335375
"Martinez, Nick",FF,229,-2.316376983795664,-1.0115183335352245
"Martinez, Nick",SI,391,-2.724489841644466,-0.6968004710088148
"Martinez, Seth",FF,305,-2.373894126498885,-0.7783259431143885
"Martinez, Seth",SI,130,-1.7533710960922761,-1.3487469969940586
"Martínez, Adrián",SI,558,-2.249761611160315,-0.4031830844373325
"Maton, Phil",FF,334,-9.097979009796026,-2.723945811316175
"Maton, Phil",SI,43,-0.21971337133983618,-0.5109613286972934
"May, Dustin",FC,110,-1.796039873511477,-1.63276352137407
"May, Dustin",FF,198,-3.27101564675495,-1.6520281044216918
"May, Dustin",SI,245,-4.828398779986985,-1.9707750122395857
"May, Trevor",FF,327,-6.088060981173368,-1.8617923489826813
"May, Trevor",SI,2,-0.05954551110118628,-2.9772755550593137
"Mayers, Mike",FC,42,-0.27182871329756453,-0.6472112221370584
"Mayers, Mike",FF,141,-0.860264324777806,-0.6101165423956071
"Mayers, Mike",SI,52,0.41820782511811705,0.8042458175348405
"McAllister, Zach",FC,35,-0.9530097743331455,-2.7228850695232727
"McAllister, Zach",SI,70,-0.8242749460957943,-1.1775356372797061
"McArthur, James",FC,1,-0.06132571352124214,-6.132571352124214
"McArthur, James",FF,6,0.03534134708940984,0.5890224514901641
"McArthur, James",SI,119,-1.4069004474958404,-1.18226928360995
"McCaughan, Darren",FF,3,0.09217478678785265,3.072492892928422
"McCaughan, Darren",SI,35,-0.4619384865544736,-1.319824247298496
"McGee, Easton",FC,2,-0.10265453307330608,-5.132726653665304
"McGee, Easton",FF,16,-0.2811600930146873,-1.7572505813417956
"McGee, Easton",SI,18,0.4725876852508634,2.6254871402825746
"McGough, Scott",FF,630,-3.2812748592034664,-0.5208372792386455
"McHugh, Collin",FC,457,-6.370175060205025,-1.3939113917297645
"McHugh, Collin",FF,40,-0.40959879070445887,-1.0239969767611472
"McKenzie, Triston",FF,189,-2.392272170129791,-1.2657524709681434
"McMillon, John",FF,21,-0.10548667332679029,-0.5023174920323348
"McMillon, John",SI,2,0.014470837330818179,0.7235418665409089
"Mears, Nick",FF,214,-3.8732814580196515,-1.809944606551239
"Mederos, Victor",FF,6,-0.038627412272244685,-0.6437902045374114
"Mederos, Victor",SI,38,-1.1138745406170725,-2.931248791097559
"Medina, Luis",FF,808,-10.46781229706261,-1.2955213238938874
"Medina, Luis",SI,276,-4.8241460493072745,-1.747879003372201
"Megill, Trevor",FF,431,-8.086052281925548,-1.8761142185442108
"Megill, Tylor",FF,1245,-10.39580754856736,-0.8350046223748883
"Mejía, J.C.",FF,6,-0.23148634614944458,-3.85810576915741
"Mejía, J.C.",SI,114,-2.4261672318361582,-2.128216870031718
"Merryweather, Julian",FF,502,-8.474939180125995,-1.6882348964394411
"Middleton, Keynan",FF,225,-4.848934878710378,-2.1550821683157233
"Mikolas, Miles",FF,829,-2.5523247983154835,-0.3078799515458967
"Mikolas, Miles",SI,781,-3.299689054676331,-0.4224953975257786
"Miller, Bobby",FF,556,-8.787890093352628,-1.5805557721857244
"Miller, Bobby",SI,387,-7.167990989264333,-1.8521940540734712
"Miller, Bryce",FF,1216,-17.023014471880888,-1.3999189532796783
"Miller, Bryce",SI,160,-1.2487857046549207,-0.7804910654093253
"Miller, Mason",FC,96,-2.605514468846748,-2.7140775717153627
"Miller, Mason",FF,338,-7.872322663301319,-2.3290895453554197
"Miller, Shelby",FF,382,-2.264502180833647,-0.5928016180192793
"Miller, Tyson",FF,128,-1.5927976097464438,-1.2443731326144092
"Miller, Tyson",SI,22,-0.5360429241154343,-2.436558745979247
"Mills, Alec",FF,4,-0.05527065512835979,-1.3817663782089948
"Mills, Alec",SI,12,0.014011346423625934,0.11676122019688279
"Mlodzinski, Carmen",FC,78,-0.8114654782080439,-1.0403403566769793
"Mlodzinski, Carmen",FF,307,-5.934739771749305,-1.9331399907978193
"Mlodzinski, Carmen",SI,2,0.007896882086992268,0.3948441043496134
"Montas, Frankie",FC,4,-0.01771461701393128,-0.44286542534828205
"Montas, Frankie",FF,3,-0.11502892849333583,-3.834297616444528
"Montas, Frankie",SI,9,0.0392430962897837,0.4360344032198189
"Montero, Rafael",FF,615,-10.90894019640265,-1.7738114140492114
"Montero, Rafael",SI,184,-4.941803207337111,-2.6857626126832126
"Moore, McKinley",FF,48,-0.7562692031400278,-1.5755608398750578
"Moreta, Dauri",FF,254,-2.7786328583331774,-1.0939499442256604
"Morgan, Eli",FF,481,-4.016832173556182,-0.8351002439825742
"Moronta, Reyes",FF,19,-0.3229946320971474,-1.699971747879723
"Morris, Cody",FC,59,-0.2636630403276067,-0.4468865090298418
"Morris, Cody",FF,63,-0.2419220172653091,-0.38400320200842714
"Morton, Charlie",FC,221,-5.839744777976206,-2.6424184515729436
"Morton, Charlie",FF,897,-10.168865271408132,-1.133652761583961
"Morton, Charlie",SI,198,-3.527536309202248,-1.7815839945465899
"Murfee, Penn",FF,76,-0.9883190279496833,-1.3004197736180043
"Murfee, Penn",SI,6,0.14129535714536906,2.3549226190894843
"Musgrove, Joe",FC,314,-0.040020539408700775,-0.012745394716146745
"Musgrove, Joe",FF,379,-4.463600905939936,-1.177731109746685
"Musgrove, Joe",SI,83,-1.0792356637649236,-1.300283932246896
"Muñoz, Andrés",FF,271,-6.31090874967766,-2.3287486161172177
"Muñoz, Andrés",SI,157,-5.31500548698944,-3.38535381336907
"Márquez, Germán",FF,103,0.44778492683134985,0.43474264740907753
"Márquez, Germán",SI,67,-0.40789486525231033,-0.6087983063467318
"Naile, James",FC,5,-0.1416724307436496,-2.833448614872992
"Naile, James",FF,3,0.060917089947685604,2.0305696649228535
"Naile, James",SI,168,-2.116754070225637,-1.2599726608485935
"Navarro, Edgar",SI,92,-0.880370238399261,-0.9569241721731097
"Neal, Zach",FC,146,-4.224455441690492,-2.8934626312948573
"Neal, Zach",FF,57,-1.1631238775512203,-2.040568206230211
"Neal, Zach",SI,128,1.297244418478757,1.013472201936529
"Nelson, Nick",FF,22,-0.033106515136361134,-0.15048415971073242
"Nelson, Nick",SI,17,-0.5152699713785202,-3.0309998316383537
"Nelson, Ryne",FC,332,-6.780386014304804,-2.042284944067712
"Nelson, Ryne",FF,1283,-10.329264931875187,-0.8050869003799833
"Neris, Hector",FF,564,-4.348488975186646,-0.7710086835437315
"Neris, Hector",SI,169,-3.3834159244703126,-2.002021257083025
"Nicolas, Kyle",FF,62,-1.5832185190634802,-2.5535782565540006
"Nittoli, Vinny",FC,22,-0.6797640342541039,-3.0898365193368362
"Nittoli, Vinny",SI,12,0.059711424162611375,0.4975952013550948
"Nogosek, Stephen",FC,71,-1.1991504106708393,-1.6889442403814638
"Nogosek, Stephen",FF,301,-4.970533484997181,-1.651340028238266
"Nola, Aaron",FC,226,-6.498001830924964,-2.875222049081842
"Nola, Aaron",FF,904,-11.064230036781169,-1.223919251856324
"Nola, Aaron",SI,586,-4.581890425875317,-0.7818925641425455
"Ober, Bailey",FF,1061,-18.778201541491086,-1.769858769226304
"Ohtani, Shohei",FC,328,-6.14209622674917,-1.8725903130332835
"Ohtani, Shohei",FF,683,-12.439153167529755,-1.8212522939282219
"Ohtani, Shohei",SI,124,-2.93535993128423,-2.3672257510356696
"Oller, Adam",FC,48,-0.215496346455533,-0.44895072178236045
"Oller, Adam",FF,186,-3.839377846226084,-2.064181637755959
"Olson, Reese",FF,499,-3.948747939455823,-0.7913322523959565
"Olson, Reese",SI,345,-2.8672044708991886,-0.8310737596809242
"Ort, Kaleb",FC,13,0.03128644359111785,0.24066495070090654
"Ort, Kaleb",FF,276,-4.200405938012991,-1.5218862094249965
"Ortega, Oliver",FF,53,0.1331912488352508,0.25130424308537885
"Ortega, Oliver",SI,41,-0.5823816155637033,-1.4204429647895203
"Ortiz, Luis F.",FF,32,-0.46027660779803986,-1.4383643993688746
"Ortiz, Luis F.",SI,95,-0.7855069880276917,-0.8268494610817808
"Ortiz, Luis L.",FC,4,-0.20366488246843217,-5.091622061710805
"Ortiz, Luis L.",FF,363,-3.295552469561839,-0.9078656940941705
"Ortiz, Luis L.",SI,412,-7.678550036968162,-1.8637257371281946
"Ottavino, Adam",FC,154,-5.316982565571286,-3.4525860815397964
"Ottavino, Adam",FF,57,-0.986876169480392,-1.731361700842793
"Ottavino, Adam",SI,385,-6.198396688679646,-1.6099731658908172
"Otto, Glenn",FF,67,-1.3412069373734294,-2.0018013990648202
"Otto, Glenn",SI,1,0.03836923719197512,3.836923719197512
"Overton, Connor",FC,25,-0.279211753934808,-1.116847015739232
"Overton, Connor",FF,55,0.22872422243973128,0.4158622226176933
"Overton, Connor",SI,27,0.05044950997307898,0.18685003693732957
"Oviedo, Johan",FF,1166,-19.011185752713182,-1.6304618998896383
"Oviedo, Johan",SI,148,-4.161090158991411,-2.811547404723926
"Paddack, Chris",FF,35,-0.6173875917363911,-1.7639645478182604
"Padilla, Nicholas",FC,29,-0.211033829720295,-0.7277028611044656
"Padilla, Nicholas",SI,22,-0.3708612951586022,-1.6857331598118284
"Pagán, Emilio",FC,318,-6.176520810968688,-1.9423021418140527
"Pagán, Emilio",FF,584,-8.20045845906044,-1.40418809230487
"Palencia, Daniel",FF,325,-8.8559411766512,-2.7249049774311382
"Palencia, Daniel",SI,6,-0.07392912917956711,-1.232152152992785
"Pallante, Andre",FF,748,-7.616684300739795,-1.0182733022379404
"Pallante, Andre",SI,31,-0.5785923218644223,-1.8664268447239432
"Parsons, Wes",FF,25,0.09511808172240853,0.3804723268896341
"Parsons, Wes",SI,24,-0.18173642347119748,-0.7572350977966562
"Patiño, Luis",FF,104,-0.5008830508447252,-0.48161831811992806
"Patiño, Luis",SI,119,-2.5907577619395217,-2.177107362974388
"Patton, Spencer",FF,110,-0.6596990048863459,-0.5997263680784963
"Patton, Spencer",SI,2,-0.0007869840217754262,-0.03934920108877131
"Payamps, Joel",FF,245,-5.787427695697453,-2.3622153859989603
"Payamps, Joel",SI,248,-4.219310421420052,-1.701334847346795
"Pearson, Nate",FF,456,-7.801488900906736,-1.710852829146214
"Peguero, Elvis",SI,441,-11.591682552174547,-2.628499444937539
"Pepiot, Ryan",FF,331,-2.854780715633125,-0.8624715152970166
"Peralta, Freddy",FF,1452,-32.71769335698748,-2.253284666459193
"Perez, Hector",FF,6,-0.0628884548224509,-1.0481409137075148
"Pfaadt, Brandon",FF,730,-8.278710025499342,-1.134069866506759
"Pfaadt, Brandon",SI,160,-3.5992377226782963,-2.249523576673935
"Phillips, Brett",FF,6,-0.30895431786626576,-5.14923863110443
"Phillips, Connor",FF,241,-1.752295325996063,-0.7270934962639266
"Phillips, Evan",FC,209,-1.301547349641143,-0.622749928057963
"Phillips, Evan",FF,177,-2.6313368033926468,-1.486630962368727
"Phillips, Evan",SI,102,-1.994800773333758,-1.955687032680155
"Pint, Riley",SI,16,-0.3213961767479777,-2.0087261046748606
"Pivetta, Nick",FC,184,-4.152143106963321,-2.2565995146539786
"Pivetta, Nick",FF,1202,-20.008261739774838,-1.6645808435752778
"Plesac, Zach",FF,147,1.2053171252863484,0.8199436226437744
"Pop, Zach",SI,121,-3.542088385726232,-2.9273457733274646
"Pressly, Ryan",FF,246,-2.4363221852393817,-0.9903748720485291
"Priester, Quinn",FF,166,-0.6959538923954124,-0.41924933276832066
"Priester, Quinn",SI,292,-1.9465257894674082,-0.6666184210504823
"Pruitt, Austin",FF,206,-1.5850939817241625,-0.7694630979243506
"Pruitt, Austin",SI,93,0.835331255906634,0.8982056515125098
"Pérez, Eury",FF,697,-12.95354237975711,-1.8584709296638606
"Quantrill, Cal",FC,408,-7.049043375214751,-1.7277067096114587
"Quantrill, Cal",FF,20,-0.42121648600436745,-2.106082430021837
"Quantrill, Cal",SI,708,-9.566055674178617,-1.3511378070873754
"Quezada, Johan",FF,20,0.028956022515147933,0.14478011257573967
"Rainey, Tanner",FF,10,-0.46186646230928596,-4.61866462309286
"Ramirez, Yohan",FF,1,0.04772458249367774,4.772458249367774
"Ramirez, Yohan",SI,497,-11.794614230599848,-2.373161817022102
"Ramsey, Lane",FF,165,-2.5426517807417546,-1.541001079237427
"Ramírez, Erasmo",FC,407,-2.3508331567636223,-0.5776002842171062
"Ramírez, Erasmo",FF,48,-0.920512537001539,-1.9177344520865398
"Ramírez, Erasmo",SI,282,1.445360060432181,0.51253902852205
"Rasmussen, Drew",FC,240,-2.9982286835692005,-1.2492619514871668
"Rasmussen, Drew",FF,193,-1.7387047934465107,-0.9008833126665858
"Rasmussen, Drew",SI,82,-1.5020599450800567,-1.8317804208293373
"Rea, Colin",FC,535,-9.54271111978792,-1.7836843214556861
"Rea, Colin",FF,388,-3.8200309924190625,-0.9845440702110986
"Rea, Colin",SI,602,-1.5072762897091652,-0.25037812121414704
"Reed, Jake",FC,4,-0.08904642127603292,-2.226160531900823
"Reed, Jake",FF,1,-0.03537603668868542,-3.537603668868542
"Reed, Jake",SI,9,-0.2749076217222959,-3.0545291302477318
"Reid-Foley, Sean",FF,109,-1.966288803861942,-1.8039346824421485
"Reyes, Denyi",FC,74,-1.9740345467437757,-2.6676142523564534
"Reyes, Denyi",FF,113,-1.6286510922349988,-1.4412841524203528
"Reyes, Denyi",SI,39,0.12524590677581726,0.3211433507072237
"Reyes, Gerardo",FF,118,-1.6368042616542429,-1.387122255639189
"Reyes, Gerardo",SI,28,-0.31588039044253524,-1.128144251580483
"Richards, Trevor",FF,587,-10.881197573569999,-1.8536963498415668
"Richardson, Lyon",FF,143,-2.99507086713835,-2.094455151845
"Richardson, Lyon",SI,31,-0.372342378995195,-1.2011044483715967
"Robertson, David",FC,561,-9.298044745886163,-1.6574054805501182
"Robertson, David",FF,1,-0.07274034619890153,-7.274034619890153
"Robertson, Nick",FF,209,-0.7498936441652475,-0.3588007866819366
"Rodriguez, Elvin",FF,23,-0.2207072397649288,-0.9595966946301252
"Rodriguez, Grayson",FC,120,-2.915506780767813,-2.4295889839731775
"Rodriguez, Grayson",FF,1043,-20.551995130193372,-1.9704693317539188
"Rodríguez, Dereck",FC,24,-0.45692408455461264,-1.9038503523108858
"Rodríguez, Dereck",FF,35,0.3389344470236451,0.9683841343532718
"Rodríguez, José",FF,6,-0.14559256427474318,-2.4265427379123863
"Rodríguez, José",SI,19,-0.04732076165750621,-0.24905664030266428
"Rodríguez, Yerry",FF,130,-0.7660558703159214,-0.5892737463968626
"Rodríguez, Yerry",SI,24,-0.5144735146090388,-2.1436396442043284
"Rogers, Tyler",SI,563,-13.135180155096016,-2.3330692993065747
"Romano, Jordan",FF,416,-10.369976400518812,-2.4927827885862532
"Romano, Jordan",SI,2,-0.031037641763687132,-1.5518820881843567
"Rucinski, Drew",FF,101,-1.4775623129952697,-1.4629329831636333
"Rucinski, Drew",SI,91,-0.2809085225213318,-0.3086906840893756
"Rucker, Michael",FC,191,-3.8147507182033706,-1.9972516849232307
"Rucker, Michael",FF,285,-3.5047204072972056,-1.229726458700774
"Rucker, Michael",SI,13,-0.4913269677197095,-3.7794382132285347
"Ruiz, José",FF,257,-3.3686398613885045,-1.3107548098787956
"Ruiz, José",SI,166,-3.857802144114207,-2.3239771952495225
"Rutledge, Jackson",FF,157,-1.8368167002439963,-1.1699469428305709
"Rutledge, Jackson",SI,50,-0.6514138140352527,-1.3028276280705056
"Ryan, Joe",FF,1526,-21.591967572581378,-1.4149388972858046
"Ryan, Ryder",FF,2,0.008032233343273402,0.40161166716367014
"Ryan, Ryder",SI,4,-0.15860794641077516,-3.965198660269379
"Ríos, Yacksel",FF,42,-0.6881458524646702,-1.6384425058682623
"Salazar, Eduardo",FF,30,-0.7709066865306347,-2.5696889551021154
"Salazar, Eduardo",SI,121,-1.8111035146394743,-1.4967797641648548
"Sandlin, Nick",FF,275,-6.941348066502157,-2.524126569637148
"Sandlin, Nick",SI,186,-1.0376531004633753,-0.5578780110018147
"Sands, Cole",FC,30,-0.6909754396185744,-2.303251465395248
"Sands, Cole",FF,157,-0.020266824538074275,-0.01290880543826387
"Sands, Cole",SI,49,0.6770164543911815,1.381666233451391
"Santana, Dennis",FF,43,-0.8969627091482281,-2.0859597887168095
"Santana, Dennis",SI,69,-1.5196377296940888,-2.202373521295781
"Santillan, Tony",FF,27,-0.13092034878619013,-0.4848901806895931
"Santos, Gregory",FF,23,-0.020279993396252374,-0.08817388433153207
"Santos, Gregory",SI,455,-9.667105095010903,-2.1246384824199787
"Sborz, Josh",FF,302,-4.25958636975853,-1.4104590628339502
"Scherzer, Max",FC,252,-5.110003084726981,-2.027779001875786
"Scherzer, Max",FF,1142,-15.825661001308774,-1.385784676121609
"Schmidt, Clarke",FC,758,-12.965874024542435,-1.7105374702562581
"Schmidt, Clarke",SI,648,-0.2636110159355431,-0.04068071233573196
"Scholtens, Jesse",FF,626,-2.11964472906182,-0.33860139441882103
"Schreiber, John",FF,237,-3.61220169197357,-1.5241357350099451
"Schreiber, John",SI,204,-2.719113116282082,-1.3328985864127851
"Scott, Tayler",FF,29,-0.5504376196548343,-1.8980607574304629
"Scott, Tayler",SI,111,-0.24744300569761535,-0.22292162675460842
"Seabold, Connor",FF,850,-2.494485281274751,-0.29346885662055894
"Selby, Colin",FF,1,-0.08304558302797378,-8.304558302797378
"Selby, Colin",SI,202,-3.043395334658923,-1.5066313537915461
"Senga, Kodai",FC,680,-4.016424001594417,-0.5906505884697673
"Senga, Kodai",FF,1035,-15.179452405063103,-1.466613758943295
"Senzatela, Antonio",FF,52,-0.3533538308707997,-0.6795265978284609
"Senzatela, Antonio",SI,14,-0.0015678602688014506,-0.011199001920010361
"Severino, Luis",FC,242,-7.446043296821192,-3.076877395380658
"Severino, Luis",FF,739,-5.775118784523056,-0.7814775080545407
"Severino, Luis",SI,45,-0.873979930428043,-1.942177623173429
"Sewald, Paul",FF,593,-14.996108873891085,-2.5288547848045675
"Shaw, Bryan",FC,392,-4.603944178839177,-1.1744755558263205
"Shaw, Bryan",SI,97,-1.2098115013627333,-1.2472283519203435
"Sheehan, Emmet",FF,619,-11.011977426923997,-1.7789947377906297
"Silseth, Chase",FC,76,-1.860616686613815,-2.4481798508076515
"Silseth, Chase",FF,309,-3.446768558786603,-1.1154590805134637
"Silseth, Chase",SI,131,-1.5966031172472983,-1.2187810055322887
"Sims, Lucas",FF,460,-11.597554803850501,-2.5212075660544566
"Singer, Brady",SI,1334,-2.565467812119564,-0.19231392894449503
"Smith, Chad",SI,138,-1.6763784206550452,-1.2147669714891631
"Smith, Drew",FF,663,-18.481987644106336,-2.7876301122332334
"Smith-Shawver, AJ",FF,245,-0.8130826609089967,-0.33187047384040685
"Snider, Collin",FC,55,-0.8286472002359107,-1.506631273156201
"Snider, Collin",FF,39,-0.8994808741021901,-2.3063612156466413
"Snider, Collin",SI,138,-1.380384015107434,-1.0002782718169811
"Solomon, Peter",FC,34,-0.38366700979580637,-1.1284323817523716
"Solomon, Peter",FF,128,-0.7064745827071368,-0.5519332677399507
"Soriano, George",FF,358,-3.555449938945006,-0.993142441046091
"Soriano, José",FF,172,-1.3433648879410698,-0.7810260976401568
"Soriano, José",SI,188,-6.723386662518349,-3.576269501339547
"Soroka, Michael",FF,173,-2.691583107165142,-1.555828385644591
"Soroka, Michael",SI,123,-1.007821163844317,-0.8193667998734285
"Speas, Alex",FC,57,-1.3521037643715041,-2.3721118673184285
"Speas, Alex",FF,5,-0.24404933437556026,-4.880986687511205
"Spiers, Carson",FC,67,-0.8119003218192606,-1.211791525103374
"Spiers, Carson",FF,80,-0.8864513670748099,-1.1080642088435124
"Spiers, Carson",SI,46,-0.27229382701357824,-0.5919431022034309
"Stanek, Ryne",FF,555,-7.263677729093842,-1.3087707619988904
"Staumont, Josh",FF,166,-2.2928776638351147,-1.3812516047199486
"Staumont, Josh",SI,40,-0.3040218892530887,-0.7600547231327217
"Stephan, Trevor",FF,538,-7.482970635992707,-1.3908867353146295
"Stephens, Jackson",FC,74,-1.8715375603314488,-2.5291048112587147
"Stephens, Jackson",FF,40,-0.23736553430892532,-0.5934138357723133
"Stephens, Jackson",SI,51,1.47176850467436,2.8858205974007056
"Stephenson, Robert",FC,300,-6.637247208234382,-2.2124157360781274
"Stephenson, Robert",FF,180,-3.129657689801138,-1.7386987165561878
"Stewart, Brock",FC,90,-1.8409346763662375,-2.0454829737402638
"Stewart, Brock",FF,171,-3.4627651736808938,-2.025008873497599
"Stewart, Brock",SI,46,-1.209659311218187,-2.6296941548221455
"Stone, Gavin",FC,93,-1.800742008719081,-1.9362817298054635
"Stone, Gavin",FF,152,-1.7402159516027196,-1.1448789155281052
"Stone, Gavin",SI,79,-1.4279175495959817,-1.8074905691088374
"Stoudt, Levi",FF,107,-1.116179000975564,-1.0431579448369759
"Stratton, Chris",FF,735,-9.463860306951217,-1.2876000417620703
"Stratton, Chris",SI,1,-0.05126134885847568,-5.126134885847568
"Stratton, Hunter",FC,88,-0.7273694057481346,-0.8265561428956075
"Stratton, Hunter",FF,63,-0.7969495261101517,-1.2649992477938916
"Strider, Spencer",FF,1826,-32.423004795057395,-1.7756300544938333
"Stripling, Ross",FF,375,-2.427656756200641,-0.6473751349868376
"Stripling, Ross",SI,136,-0.7317144838433712,-0.5380253557671848
"Stroman, Marcus",FC,207,-3.3784565388549517,-1.6321046081424886
"Stroman, Marcus",FF,181,-3.2213378349056465,-1.7797446601688656
"Stroman, Marcus",SI,1004,-11.572752259647382,-1.1526645676939624
"Strzelecki, Peter",FF,236,-4.843197437013592,-2.052202303819319
"Strzelecki, Peter",SI,126,-1.458882352524623,-1.1578431369243039
"Suarez, Robert",FC,5,-0.3122394137142226,-6.244788274284452
"Suarez, Robert",FF,164,-1.3975962424464523,-0.8521928307600319
"Suarez, Robert",SI,109,-1.082604387078993,-0.9932150340174247
"Suero, Wander",FC,90,-0.341784782822919,-0.3797608698032434
"Suero, Wander",FF,4,-0.06770500860363246,-1.6926252150908114
"Sulser, Cole",FF,34,-0.4030389060057699,-1.1854085470757938
"Swanson, Erik",FF,366,-7.737647684728167,-2.114111389269991
"Sweet, Devin",FF,83,-1.437599461395666,-1.7320475438502
"Syndergaard, Noah",FC,172,-2.057496031731693,-1.1962186230998213
"Syndergaard, Noah",FF,254,-0.8808457217810675,-0.34678965424451474
"Syndergaard, Noah",SI,366,0.590267767887004,0.1612753464172142
"Taillon, Jameson",FC,558,-10.547825953825702,-1.8902913895744986
"Taillon, Jameson",FF,862,-10.888622013162449,-1.2631812080234859
"Taillon, Jameson",SI,264,-3.757049770422652,-1.4231249130388834
"Tapia, Domingo",FF,153,-1.3691855483937077,-0.8948925152900049
"Tapia, Domingo",SI,99,-1.9690929774172603,-1.98898280547198
"Tarnok, Freddy",FF,145,-2.445220931925438,-1.686359263396854
"Teheran, Julio",FC,309,-4.309719658907862,-1.3947312811999553
"Teheran, Julio",FF,101,-3.0885633136525747,-3.0579834788639353
"Teheran, Julio",SI,409,-1.6072072867587204,-0.39296021681142307
"Tepera, Ryan",FF,71,-0.5681168443720788,-0.8001645695381391
"Tepera, Ryan",SI,27,-0.24283326562028373,-0.8993824652603102
"Then, Juan",FF,17,-0.40782417073342947,-2.398965710196644
"Then, Juan",SI,77,-0.9454474670944735,-1.227853853369446
"Thompson, Keegan",FC,130,-2.4370568480417205,-1.8746591138782465
"Thompson, Keegan",FF,224,-2.2115261293496817,-0.9872884506025364
"Thompson, Mason",FF,54,-0.9461993885239586,-1.7522210898591826
"Thompson, Mason",SI,509,-7.476871417452511,-1.468933480835464
"Thompson, Ryan",FF,24,-0.6335068069860339,-2.6396116957751414
"Thompson, Ryan",SI,267,-3.5026845241563858,-1.3118668629799197
"Thornton, Trent",FF,151,-2.8249871571157126,-1.8708524219309355
"Thornton, Trent",SI,54,-1.404372954133505,-2.6006906558027874
"Tonkin, Michael",SI,785,-3.6347470650191873,-0.4630251038241003
"Topa, Justin",FC,191,-4.0486917986099025,-2.119733925973771
"Topa, Justin",SI,449,-4.472074545506993,-0.9960076938768357
"Toussaint, Touki",FF,375,-4.5451314050980764,-1.2120350413594871
"Toussaint, Touki",SI,422,-6.33812494796327,-1.5019253431192583
"Turnbull, Spencer",FF,223,-1.7154589833676812,-0.7692641181020992
"Turnbull, Spencer",SI,106,0.3578425355827437,0.3375872977195695
"Uceta, Edwin",FF,3,-0.1111463246151805,-3.704877487172683
"Uceta, Edwin",SI,23,-0.6213091292619705,-2.701344040269437
"Uelmen, Erich",FF,6,-0.206465868088603,-3.441097801476717
"Uelmen, Erich",SI,11,-0.16602041720598934,-1.5092765200544485
"Underwood Jr., Duane",FC,82,-1.3950580992167123,-1.7012903648984299
"Underwood Jr., Duane",FF,12,0.03846174080856146,0.3205145067380122
"Underwood Jr., Duane",SI,87,-1.1148382398509187,-1.2814232641964582
"Ureña, José",FF,165,-2.259060130735021,-1.3691273519606189
"Ureña, José",SI,224,-4.3010715842191765,-1.9201212429549894
"Uribe, Abner",FF,34,-0.5416029670801742,-1.592949903176983
"Uribe, Abner",SI,316,-8.09974770994087,-2.563211300614199
"Urquidy, José",FF,421,-4.675478988560475,-1.1105650804181653
"Urquidy, José",SI,106,-1.2529029810680077,-1.1819839444037807
"Vallimont, Chris",FF,3,0.030166220130026337,1.0055406710008779
"Vargas, Carlos",FC,28,-0.38046656607624607,-1.3588091645580216
"Vargas, Carlos",FF,33,-0.3466579222247935,-1.050478552196344
"Vargas, Carlos",SI,17,-0.6772309273639694,-3.983711337435114
"Varland, Gus",FF,202,-3.0585155478743835,-1.514116607858606
"Varland, Louie",FC,347,-5.72392195494547,-1.649545231972758
"Varland, Louie",FF,466,-2.4063120580272748,-0.516375978117441
"Varland, Louie",SI,10,-0.40706392674241215,-4.070639267424122
"Velasquez, Vince",FF,267,-4.54324677423539,-1.7015905521480863
"Velasquez, Vince",SI,7,-0.2068400556344539,-2.9548579376350554
"VerHagen, Drew",FC,129,-1.456538969357325,-1.1290999762459883
"VerHagen, Drew",FF,290,-1.5661922819307073,-0.540066304114037
"VerHagen, Drew",SI,179,-1.5615301020335857,-0.8723631854936233
"Verlander, Justin",FF,1302,-18.3792262872261,-1.4116149222139862
"Vest, Will",FF,400,-1.961921463343687,-0.4904803658359217
"Vest, Will",SI,24,0.14561751294322314,0.6067396372634298
"Vieira, Thyago",FF,2,0.017235151614248753,0.8617575807124377
"Vieira, Thyago",SI,13,-0.18082735773809253,-1.390979674908404
"Vines, Darius",FC,98,-1.7263086276367743,-1.7615394159558924
"Vines, Darius",FF,102,0.5569852568550036,0.546063977308827
"Vodnik, Victor",FF,132,-3.1040562263536615,-2.3515577472376226
"Voth, Austin",FC,74,-1.1515907245917245,-1.5562036818807088
"Voth, Austin",FF,291,-1.3637713278113046,-0.468649940828627
"Vásquez, Randy",FC,109,-3.292213650883861,-3.020379496223726
"Vásquez, Randy",FF,173,-1.1511205588466777,-0.6653876062697559
"Vásquez, Randy",SI,150,0.5394876368748026,0.35965842458320174
"Wacha, Michael",FC,270,-3.3575260421777493,-1.2435281637695368
"Wacha, Michael",FF,637,-2.8375426845768463,-0.4454541106086101
"Wacha, Michael",SI,296,-3.8060323281047865,-1.2858217324678332
"Wainwright, Adam",FC,403,-9.823233185685785,-2.4375268450833216
"Wainwright, Adam",FF,173,-0.4407123613303526,-0.25474702967072405
"Wainwright, Adam",SI,560,0.1360318017130055,0.024291393163036693
"Waites, Cole",FF,44,-0.714434134922549,-1.6237139430057932
"Waldron, Matt",FC,88,-1.5355281155035831,-1.7449183130722536
"Waldron, Matt",FF,139,-0.8628516540482639,-0.620756585646233
"Waldron, Matt",SI,158,-0.14585348963961,-0.09231233521494304
"Walker, Ryan",SI,526,-6.046292150000168,-1.1494851996198037
"Walker, Taijuan",FC,494,-6.406290446823539,-1.2968199285067892
"Walker, Taijuan",FF,493,-4.504920469713676,-0.9137769715443562
"Walker, Taijuan",SI,663,-1.4010417327981437,-0.21131851173426
"Wantz, Andrew",FC,188,-2.333240547178886,-1.2410853974355778
"Wantz, Andrew",FF,256,-6.139851816944219,-2.3983796159938358
"Ward, Thaddeus",FC,136,-3.4172946960238963,-2.512716688252865
"Ward, Thaddeus",FF,34,-0.5969735570500604,-1.7558045795590012
"Ward, Thaddeus",SI,255,-2.9826091038724405,-1.1696506289695845
"Warren, Austin",FC,5,-0.11167338985726237,-2.2334677971452477
"Warren, Austin",SI,3,0.05863973912224174,1.9546579707413914
"Watkins, Spenser",FC,19,-0.3029960369199514,-1.594715983789218
"Watkins, Spenser",FF,22,-0.5630059785168617,-2.5591180841675536
"Watkins, Spenser",SI,27,-0.3740580031042918,-1.3854000114973772
"Weaver, Luke",FC,243,-1.724891111972765,-0.7098317333221256
"Weaver, Luke",FF,983,-3.6069321920957407,-0.36693104700872237
"Webb, Jacob",FF,450,-9.56478503831001,-2.1255077862911134
"Webb, Logan",FF,117,-3.0533084219390525,-2.609665317896626
"Webb, Logan",SI,1050,-11.438424197194317,-1.0893737330661255
"Weber, Ryan",SI,94,0.5044770397054847,0.5366777018143455
"Weems, Jordan",FF,443,-6.527456853044326,-1.4734665582492834
"Weiss, Zack",FC,15,-0.3409737711854279,-2.2731584745695192
"Weiss, Zack",FF,66,-0.7412112883558962,-1.1230474065998426
"Weissert, Greg",FC,23,-0.2017442554639652,-0.8771489367998487
"Weissert, Greg",FF,86,-1.5353017495376988,-1.7852345924856963
"Weissert, Greg",SI,120,-0.655899769068323,-0.5465831408902692
"Wells, Tyler",FC,370,-2.0664611222429174,-0.5585030060115993
"Wells, Tyler",FF,715,-12.56729834552165,-1.7576641042687622
"Wesneski, Hayden",FC,147,-2.5024084667967283,-1.7023186848957337
"Wesneski, Hayden",FF,437,-2.7478741642030244,-0.6288041565681979
"Wesneski, Hayden",SI,279,-6.62322879334935,-2.373917130232742
"Wheeler, Zack",FC,445,-11.014843334811921,-2.475245693216162
"Wheeler, Zack",FF,1369,-23.959677460182217,-1.7501590547978243
"Wheeler, Zack",SI,571,-17.93357512902706,-3.1407311959767177
"White, Brendan",FF,213,-4.251280106283363,-1.9959061531846776
"White, Brendan",SI,43,-0.7911335580819868,-1.8398454839115972
"White, Mitch",FF,95,-0.9876567786829602,-1.039638714403116
"White, Owen",FC,26,-0.45779936106130487,-1.760766773312711
"White, Owen",FF,17,-0.16927241718452424,-0.9957201010854367
"White, Owen",SI,7,-0.06325843570493161,-0.9036919386418801
"Whitlock, Garrett",FF,8,-0.33671543625481426,-4.208942953185178
"Whitlock, Garrett",SI,624,-1.6890137674824328,-0.27067528325038986
"Williams, Devin",FC,26,-0.5424929022986441,-2.086511162687093
"Williams, Devin",FF,371,-7.705816555890208,-2.077039502935366
"Williams, Gavin",FF,767,-13.43419966029385,-1.7515253794385723
"Williams, Trevor",FF,1130,-5.118233373448991,-0.4529410064999107
"Williams, Trevor",SI,382,-4.857795287585258,-1.2716741590537326
"Willingham, Amos",FF,280,-2.9611066429531316,-1.0575380867689754
"Willingham, Amos",SI,8,-0.07050448469668626,-0.8813060587085783
"Wilson, Bryse",FC,395,-6.3090092620073115,-1.5972175346853954
"Wilson, Bryse",FF,187,-3.8970581870272287,-2.0839883353086783
"Wilson, Bryse",SI,403,-2.4279759441563855,-0.6024754203861998
"Wilson, Steven",FC,6,-0.11938224453479052,-1.9897040755798419
"Wilson, Steven",FF,341,-8.899800989072862,-2.6099123135111033
"Winans, Allan",FF,120,0.18273731374321522,0.15228109478601268
"Winans, Allan",SI,135,0.31846863853000124,0.2359026952074083
"Winckowski, Josh",FC,487,-13.160615429180895,-2.7023850983944344
"Winckowski, Josh",FF,66,-1.1378070394383744,-1.7239500597551127
"Winckowski, Josh",SI,518,-4.534087524068284,-0.8753064718278541
"Winder, Josh",FF,137,-0.242863755064737,-0.1772728139158664
"Winder, Josh",SI,33,-0.6410012757692486,-1.9424281083916626
"Wingenter, Trey",FF,156,-1.259836054788064,-0.8075872146077334
"Winn, Keaton",FF,157,-2.549637237372249,-1.6239727626574836
"Winn, Keaton",SI,87,-0.22193606873024252,-0.2550989295749914
"Wittgren, Nick",FC,63,-0.6803237938633188,-1.0798790378782839
"Wittgren, Nick",FF,170,0.8584808509659955,0.5049887358623503
"Wittgren, Nick",SI,11,-0.1206443492051214,-1.096766810955649
"Wong, Jake",FF,32,0.04525798966325821,0.1414312176976819
"Woo, Bryan",FC,218,-6.787698688657985,-3.1136232516779745
"Woo, Bryan",FF,678,-10.417993458675825,-1.5365772062943697
"Woo, Bryan",SI,370,-5.688772491042419,-1.5375060786601134
"Woodford, Jake",FC,51,-0.7739202166829259,-1.5174906209469134
"Woodford, Jake",FF,62,-1.3793566930780186,-2.224768859803256
"Woodford, Jake",SI,454,-0.5237776950049442,-0.11536953634470137
"Woodruff, Brandon",FF,428,-5.297741350334137,-1.2377900351247983
"Woodruff, Brandon",SI,228,-3.6163377963375414,-1.5861130685690972
"Woods Richardson, Simeon",FF,45,-0.1416886176500469,-0.31486359477788195
"Wright, Kyle",FF,89,-2.246409210543986,-2.5240552927460516
"Wright, Kyle",SI,169,-1.2178740682844071,-0.7206355433635545
"Wynne, Randy",FF,7,-0.0533539555568248,-0.7621993650974972
"Wynne, Randy",SI,10,0.10580563514232635,1.0580563514232635
"Yacabonis, Jimmy",SI,151,-2.2554216032542285,-1.49365669089684
"Yates, Kirby",FF,569,-5.651113370049605,-0.9931657943848162
"Zuñiga, Guillermo",FF,24,-0.3934147397905588,-1.6392280824606615
"deGrom, Jacob",FF,235,-6.660957413021475,-2.8344499629878612
